{"Training": {"loss": [8.401849572722977, 8.40459456637099, 8.401947417774716, 8.398489620234516, 8.394136937888893, 8.392061491270322, 8.391417719222403, 8.388538499136228, 8.388624793774373, 8.389115781397432, 8.38898926490062], "mean_rank": [341.60177364864865, 296.3038429054054, 234.36338682432432, 199.89949324324326, 175.8169341216216, 157.20671452702703, 148.42947635135135, 151.23965371621622, 144.5608108108108, 149.09227195945945, 139.39294763513513], "median_rank": [80, 64, 47, 37, 29, 27, 24, 23, 23, 23, 22], "recall@1": [5.42652027027027, 6.144425675675675, 7.516891891891891, 8.67820945945946, 9.94510135135135, 10.641891891891891, 10.705236486486488, 11.444256756756758, 11.50760135135135, 11.402027027027026, 11.486486486486488], "recall@5": [15.05489864864865, 17.293074324324326, 19.467905405405407, 22.21283783783784, 24.47212837837838, 25.696790540540544, 26.097972972972972, 27.364864864864863, 28.040540540540544, 27.808277027027028, 28.188344594594593], "recall@10": [21.47381756756757, 24.95777027027027, 27.618243243243246, 30.278716216216218, 34.12162162162162, 35.00844594594595, 36.486486486486484, 37.267736486486484, 37.30996621621622, 38.11233108108108, 38.32347972972973], "recall@50": [42.77871621621622, 46.748310810810814, 51.01351351351351, 55.088682432432435, 59.16385135135135, 61.10641891891891, 62.41554054054054, 62.26773648648649, 62.858952702702695, 62.880067567567565, 63.89358108108109]}, "Validation": {"loss": [8.393062670355503, 8.396597899232706, 8.39674724253997, 8.395437597625373, 8.391178797710605, 8.38934159640719, 8.38955054677156, 8.389052937846964, 8.38926681740489, 8.389049982743158, 8.389012280443266], "mean_rank": [268.9865092748735, 244.91315345699832, 205.6973018549747, 177.02951096121416, 162.8372681281619, 159.57841483979763, 154.66610455311974, 154.4477234401349, 153.91905564924116, 153.53119730185497, 153.57251264755482], "median_rank": [58, 49, 38, 32, 28, 27, 27, 27, 27, 26, 27], "recall@1": [6.408094435075886, 7.419898819561552, 7.504215851602024, 8.263069139966273, 9.865092748735245, 9.780775716694773, 9.949409780775717, 9.696458684654301, 9.527824620573355, 9.443507588532883, 9.443507588532883], "recall@5": [17.284991568296796, 17.959527824620576, 21.079258010118043, 23.27150084317032, 23.946037099494095, 24.45193929173693, 24.873524451939293, 24.957841483979763, 25.379426644182125, 25.379426644182125, 25.379426644182125], "recall@10": [23.946037099494095, 26.812816188870155, 30.522765598650924, 32.96795952782462, 32.96795952782462, 33.38954468802699, 33.895446880269816, 34.73861720067454, 34.654300168634066, 34.40134907251265, 34.56998313659359], "recall@50": [47.807757166947724, 50.75885328836425, 54.97470489038786, 57.58853288364249, 59.78077571669477, 61.551433389544684, 62.05733558178752, 62.310286677908934, 62.64755480607083, 62.47892074198988, 62.563237774030355]}}