{"Training": {"loss": [8.403851277119404, 8.405760903616208, 8.40466694251911, 8.402394488051131, 8.401773149902755, 8.398724829828417, 8.396748230263993, 8.396357510540936, 8.39529889016538, 8.39492362576562, 8.39504010290713], "mean_rank": [361.44214527027026, 314.3393158783784, 261.8291807432432, 222.82622466216216, 201.7455658783784, 191.68348817567568, 176.1875, 167.6372466216216, 165.1480152027027, 170.25633445945945, 163.32242398648648], "median_rank": [98, 75, 58, 44, 36, 35, 32, 30, 29, 29, 29], "recall@1": [4.581925675675675, 5.701013513513513, 6.397804054054054, 7.179054054054054, 8.171452702702704, 8.614864864864865, 9.037162162162163, 9.733952702702704, 9.41722972972973, 9.41722972972973, 9.522804054054054], "recall@5": [13.555743243243242, 15.941722972972974, 17.52533783783784, 19.65793918918919, 22.191722972972975, 22.86739864864865, 23.944256756756758, 24.78885135135135, 25.78125, 24.78885135135135, 25.16891891891892], "recall@10": [20.122466216216218, 23.35304054054054, 25.316722972972972, 28.061655405405407, 30.8277027027027, 31.946790540540544, 32.89695945945946, 33.63597972972973, 34.18496621621622, 34.22719594594595, 33.826013513513516], "recall@50": [40.329391891891895, 44.1089527027027, 47.97297297297297, 52.195945945945944, 55.25760135135135, 56.22888513513513, 58.50929054054054, 58.27702702702703, 58.994932432432435, 59.05827702702703, 58.78378378378378]}, "Validation": {"loss": [8.394277393315333, 8.396633228604347, 8.397921941734687, 8.396919716872011, 8.397027908248, 8.394202182506028, 8.394186389788006, 8.393735974072204, 8.393223828449218, 8.393156577523603, 8.393062046366236], "mean_rank": [290.6408094435076, 257.9477234401349, 223.53204047217537, 197.24536256323776, 188.83642495784147, 183.97217537942663, 180.4114671163575, 178.87436762225968, 179.212478920742, 178.22006745362563, 178.19392917369308], "median_rank": [62, 51, 42, 36, 35, 34, 33, 33, 32, 32, 32], "recall@1": [6.323777403035413, 6.913996627318718, 6.745362563237774, 7.925801011804384, 8.263069139966273, 8.600337268128163, 8.431703204047219, 8.263069139966273, 8.684654300168635, 8.347386172006747, 8.347386172006747], "recall@5": [16.188870151770658, 18.802698145025296, 20.82630691399663, 21.922428330522767, 22.259696458684655, 23.0185497470489, 22.259696458684655, 23.440134907251263, 23.102866779089375, 23.18718381112985, 23.18718381112985], "recall@10": [23.524451939291737, 26.0539629005059, 29.17369308600337, 30.438448566610454, 31.365935919055648, 31.281618887015178, 31.703204047217536, 32.209106239460375, 32.377740303541316, 32.54637436762226, 32.46205733558179], "recall@50": [46.54300168634064, 49.83136593591905, 53.62563237774031, 55.31197301854974, 56.155143338954474, 57.08263069139966, 57.41989881956155, 58.09443507588533, 57.58853288364249, 58.01011804384486, 58.09443507588533]}}