{"Training": {"loss": [8.40328226862727, 8.405784455505577, 8.404370684881467, 8.402655163326779, 8.399135251302976, 8.397276962125623, 8.395136597994211, 8.3948615016164, 8.394247605993941, 8.393837748347101, 8.394133438935151], "mean_rank": [366.69256756756755, 314.3815456081081, 251.39590371621622, 221.76773648648648, 207.42335304054055, 180.64252533783784, 166.97804054054055, 169.5485641891892, 162.7075591216216, 165.37035472972974, 168.40561655405406], "median_rank": [91, 71, 53, 43, 37, 33, 29, 30, 28, 27, 28], "recall@1": [4.8141891891891895, 5.637668918918918, 6.355574324324325, 7.010135135135136, 8.234797297297296, 9.20608108108108, 9.712837837837837, 9.396114864864865, 9.438344594594595, 9.923986486486488, 10.219594594594595], "recall@5": [13.133445945945946, 15.625, 17.652027027027025, 20.3125, 22.78293918918919, 23.585304054054053, 24.282094594594593, 25.4222972972973, 25.78125, 25.464527027027028, 26.097972972972972], "recall@10": [19.91131756756757, 23.331925675675674, 25.591216216216218, 29.054054054054053, 31.102195945945947, 32.4535472972973, 33.34037162162162, 34.45945945945946, 34.83952702702703, 34.12162162162162, 35.00844594594595], "recall@50": [40.139358108108105, 44.97466216216216, 49.11317567567568, 52.301520270270274, 54.94087837837838, 56.82010135135135, 58.445945945945944, 58.889358108108105, 59.39611486486487, 59.88175675675676, 59.776182432432435]}, "Validation": {"loss": [8.398312390152158, 8.402399156387098, 8.401083024718107, 8.402014026352367, 8.399422286935842, 8.399342351980998, 8.39831423075967, 8.39808542692239, 8.397968621921379, 8.397952589578612, 8.397909984620787], "mean_rank": [292.2335581787521, 268.9131534569983, 230.61973018549747, 219.48566610455313, 200.01602023608768, 191.92242833052276, 192.09949409780776, 190.09865092748734, 189.30944350758853, 188.15177065767284, 187.10792580101182], "median_rank": [83, 65, 54, 47, 44, 41, 40, 39, 40, 40, 40], "recall@1": [6.492411467116358, 6.661045531197302, 8.010118043844857, 7.841483979763912, 8.094435075885329, 8.094435075885329, 8.263069139966273, 8.684654300168635, 8.431703204047219, 8.51602023608769, 8.431703204047219], "recall@5": [16.947723440134908, 17.875210792580102, 19.30860033726813, 20.15177065767285, 21.247892074198987, 21.500843170320405, 22.09106239460371, 22.259696458684655, 22.09106239460371, 22.259696458684655, 22.259696458684655], "recall@10": [22.93423271500843, 24.957841483979763, 27.82462057335582, 27.74030354131535, 29.17369308600337, 30.354131534569984, 30.185497470489036, 30.775716694772342, 29.932546374367625, 30.269814502529513, 30.185497470489036], "recall@50": [43.84485666104553, 46.964586846543, 48.566610455311974, 51.34907251264755, 52.360876897133224, 53.79426644182125, 53.87858347386172, 53.37268128161888, 54.04721753794266, 53.87858347386172, 53.96290050590219]}}