{"Training": {"loss": [9.133859081701798, 9.135067016428167, 9.134655191681603, 9.13414234898307, 9.132616277174517, 9.13146099394018, 9.130209044976668, 9.129371287605979, 9.129093220017173, 9.128836995905095, 9.128704862161117], "mean_rank": [836.7981534090909, 632.7376420454545, 518.6340909090909, 473.0903409090909, 405.71803977272725, 386.4778409090909, 385.37130681818184, 362.6646306818182, 359.3012784090909, 359.12698863636365, 352.69943181818184], "median_rank": [173, 135, 108, 91, 80, 68, 65, 61, 61, 59, 59], "recall@1": [3.3948863636363638, 4.6164772727272725, 5.511363636363637, 6.406249999999999, 6.832386363636364, 7.230113636363636, 7.840909090909092, 8.210227272727273, 8.139204545454545, 8.28125, 7.8835227272727275], "recall@5": [9.588068181818182, 11.292613636363637, 12.769886363636363, 14.758522727272727, 15.340909090909092, 16.960227272727273, 17.96875, 18.65056818181818, 18.664772727272727, 19.090909090909093, 18.948863636363637], "recall@10": [13.693181818181818, 16.022727272727273, 18.025568181818183, 20.085227272727273, 21.448863636363637, 23.295454545454543, 24.47443181818182, 24.943181818181817, 24.914772727272727, 25.28409090909091, 25.213068181818183], "recall@50": [30.41193181818182, 33.97727272727273, 37.03125, 39.94318181818181, 41.96022727272727, 45.46875, 45.85227272727273, 46.91761363636363, 46.86079545454545, 47.10227272727273, 47.21590909090909]}, "Validation": {"loss": [9.131492365490306, 9.133681239865043, 9.133183110844005, 9.134569849751212, 9.1327749078924, 9.132460925795815, 9.132162136381323, 9.132000621882352, 9.131527840007434, 9.131631593270736, 9.13161453333768], "mean_rank": [708.0727272727273, 527.8113636363636, 447.3602272727273, 422.4261363636364, 398.0017045454546, 380.9727272727273, 375.0369318181818, 368.3931818181818, 371.175, 370.16647727272726, 369.7568181818182], "median_rank": [145, 120, 96, 90, 84, 78, 80, 79, 78, 78, 78], "recall@1": [3.5227272727272725, 4.090909090909091, 4.886363636363637, 5.0, 5.738636363636364, 5.909090909090909, 6.136363636363637, 6.193181818181818, 6.136363636363637, 6.136363636363637, 6.136363636363637], "recall@5": [9.943181818181818, 11.477272727272728, 12.954545454545455, 13.806818181818182, 14.204545454545455, 15.170454545454545, 15.397727272727273, 15.568181818181817, 15.511363636363637, 15.511363636363637, 15.681818181818183], "recall@10": [14.03409090909091, 16.420454545454547, 18.636363636363637, 19.261363636363637, 20.113636363636363, 20.795454545454543, 21.704545454545453, 21.136363636363637, 21.022727272727273, 20.909090909090907, 20.738636363636363], "recall@50": [32.95454545454545, 35.340909090909086, 39.71590909090909, 40.11363636363636, 41.70454545454545, 41.98863636363636, 42.84090909090909, 42.784090909090914, 42.95454545454545, 42.84090909090909, 42.95454545454545]}}