{"Training": {"loss": [8.400876541395444, 8.401803116540652, 8.403133430996457, 8.3977792971843, 8.393982181677947, 8.392319379626093, 8.390395412573943, 8.389072653409597, 8.38885444241601, 8.387925918037826, 8.387917141656619], "mean_rank": [338.04370777027026, 281.6908783783784, 233.57010135135135, 201.0424408783784, 173.25021114864865, 158.50401182432432, 153.60092905405406, 143.44320101351352, 142.67124155405406, 138.9657939189189, 138.0785472972973], "median_rank": [80, 61, 46, 36, 28, 25, 24, 22, 22, 22, 22], "recall@1": [5.42652027027027, 6.714527027027027, 7.157939189189189, 8.614864864864865, 9.902871621621621, 10.663006756756758, 11.14864864864865, 11.782094594594595, 11.444256756756758, 11.697635135135135, 11.465371621621621], "recall@5": [15.160472972972974, 16.955236486486484, 19.594594594594593, 22.635135135135133, 25.232263513513516, 27.153716216216218, 27.153716216216218, 28.019425675675674, 27.913851351351347, 28.146114864864863, 28.631756756756754], "recall@10": [21.938344594594593, 24.51435810810811, 27.977195945945947, 31.29222972972973, 34.375, 36.338682432432435, 36.63429054054054, 37.8589527027027, 37.880067567567565, 38.55574324324324, 38.09121621621622], "recall@50": [43.13766891891892, 47.107263513513516, 51.5625, 55.38429054054054, 58.80489864864865, 61.38091216216216, 62.41554054054054, 62.75337837837838, 63.87246621621622, 64.52702702702703, 63.914695945945944]}, "Validation": {"loss": [8.39487634581619, 8.39797439060565, 8.399881470665763, 8.398497824323117, 8.395757977516213, 8.395762265030088, 8.395073771677772, 8.394455253575343, 8.394476795679, 8.3939709816172, 8.39388031822835], "mean_rank": [279.9510961214165, 253.15345699831366, 222.41905564924116, 197.70910623946037, 178.9435075885329, 170.95446880269816, 168.14333895446882, 166.72765598650926, 166.2681281618887, 165.6568296795953, 165.67622259696458], "median_rank": [61, 53, 45, 38, 35, 34, 33, 32, 33, 32, 33], "recall@1": [6.155143338954469, 6.913996627318718, 8.094435075885329, 8.600337268128163, 8.263069139966273, 8.684654300168635, 8.431703204047219, 8.263069139966273, 8.347386172006747, 8.347386172006747, 8.347386172006747], "recall@5": [17.79089376053963, 19.477234401349072, 20.57335581787521, 21.247892074198987, 22.849915682967957, 23.77740303541315, 24.11467116357504, 24.198988195615513, 24.367622259696457, 24.45193929173693, 24.283305227655987], "recall@10": [24.957841483979763, 26.897133220910625, 29.51096121416526, 31.02866779089376, 32.377740303541316, 33.22091062394604, 33.38954468802699, 33.38954468802699, 33.305227655986506, 33.473861720067454, 33.473861720067454], "recall@50": [47.048903878583474, 48.988195615514336, 51.68634064080945, 54.131534569983145, 55.64924114671164, 56.40809443507588, 57.58853288364249, 57.335581787521086, 57.58853288364249, 57.58853288364249, 57.67284991568297]}}