{"Training": {"loss": [8.403460889249235, 8.405739056097495, 8.404840920422528, 8.402226883011895, 8.399282787297222, 8.398240002425942, 8.395086820061142, 8.395287723154635, 8.394963377230876, 8.395020004865286, 8.395142497243109], "mean_rank": [363.0012668918919, 314.3612753378378, 250.80194256756758, 224.24978885135135, 201.32347972972974, 179.39611486486487, 168.45059121621622, 171.03716216216216, 163.97445101351352, 167.3823902027027, 171.3108108108108], "median_rank": [92, 69, 55, 43, 38, 32, 31, 29, 29, 29, 28], "recall@1": [4.877533783783783, 5.8699324324324325, 6.714527027027027, 7.369087837837837, 8.445945945945946, 8.67820945945946, 9.565033783783784, 9.311655405405405, 9.628378378378379, 9.902871621621621, 9.966216216216216], "recall@5": [13.640202702702704, 16.19510135135135, 17.820945945945947, 19.91131756756757, 22.82516891891892, 23.120777027027025, 24.535472972972975, 25.16891891891892, 25.44341216216216, 25.90793918918919, 25.760135135135137], "recall@10": [20.122466216216218, 23.64864864864865, 25.802364864864863, 28.526182432432435, 31.313344594594593, 31.98902027027027, 33.86824324324324, 34.22719594594595, 34.7972972972973, 34.56503378378378, 35.11402027027027], "recall@50": [39.611486486486484, 45.2491554054054, 48.75422297297297, 52.42820945945946, 54.66638513513513, 56.9679054054054, 58.25591216216216, 58.67820945945946, 59.3116554054054, 59.58614864864865, 59.375]}, "Validation": {"loss": [8.3964469163454, 8.400055373901058, 8.400223887991945, 8.40021768348012, 8.398460130868433, 8.397989023797226, 8.39669112451563, 8.396466001893376, 8.396408541005538, 8.396375710807401, 8.396338305224054], "mean_rank": [303.5514333895447, 276.11635750421584, 231.55733558178753, 212.48819561551434, 196.06998313659358, 186.3903878583474, 184.6610455311973, 182.31365935919055, 181.56408094435076, 181.38785834738619, 181.3212478920742], "median_rank": [77, 63, 53, 47, 43, 40, 39, 39, 39, 39, 39], "recall@1": [5.902192242833052, 6.155143338954469, 6.745362563237774, 6.745362563237774, 7.251264755480608, 7.75716694772344, 7.419898819561552, 7.251264755480608, 7.33558178752108, 7.419898819561552, 7.504215851602024], "recall@5": [15.008431703204048, 16.863406408094438, 19.477234401349072, 19.477234401349072, 20.9106239460371, 22.006745362563237, 22.596964586846543, 22.09106239460371, 22.765598650927487, 22.4283305227656, 22.596964586846543], "recall@10": [22.681281618887013, 24.03035413153457, 26.475548060708263, 27.150084317032043, 29.00505902192243, 29.258010118043842, 29.17369308600337, 29.42664418212479, 29.679595278246207, 29.848229342327148, 30.016863406408095], "recall@50": [43.42327150084317, 46.79595278246206, 49.4097807757167, 51.18043844856661, 53.288364249578414, 53.87858347386172, 54.63743676222597, 54.63743676222597, 54.97470489038786, 54.97470489038786, 55.05902192242833]}}