{"Training": {"loss": [8.40223575662743, 8.40048433173677, 8.395726471461462, 8.390969883823153, 8.381150875557543, 8.374475783626874, 8.366575919185854, 8.359962137185333, 8.362265742718922, 8.35943360718339, 8.35949675858071], "mean_rank": [309.875947767481, 237.40732940185342, 185.36394271272115, 145.32245155855097, 123.7723251895535, 113.64111204717776, 97.50716090985678, 92.55454928390901, 86.40775063184499, 89.0343302443134, 89.49347093513059], "median_rank": [71, 46, 31, 23, 17, 14, 12, 11, 10, 10, 10], "recall@1": [5.7076663858466725, 7.203032855939343, 9.309182813816344, 10.678180286436394, 13.079191238416174, 15.206402695871946, 16.238416175231677, 17.944397641112047, 17.628475147430496, 17.965459140690818, 18.155012636899748], "recall@5": [16.638584667228308, 19.839932603201348, 23.9469250210615, 27.54844144903117, 32.35046335299073, 35.23588879528222, 37.32097725358046, 39.132266217354676, 39.827295703454084, 40.248525695029485, 40.14321819713564], "recall@10": [23.989048020219037, 27.822240943555183, 33.045492839090144, 37.82645324347094, 42.22830665543387, 45.45071609098568, 48.44144903117102, 49.87363100252738, 50.37910699241785, 51.390058972198815, 50.8424599831508], "recall@50": [44.54507160909857, 51.432181971356364, 58.55096882898062, 62.55265374894693, 67.56529064869419, 70.34540859309183, 72.6832350463353, 73.79949452401011, 74.47346251053075, 75.29486099410278, 74.5787700084246]}, "Validation": {"loss": [8.39317327084469, 8.393947637503304, 8.391021139103083, 8.389309556649065, 8.384081115208026, 8.383634234359253, 8.380590204042688, 8.377632778772416, 8.3792476187669, 8.378502036829621, 8.378507356820581], "mean_rank": [252.52866779089376, 201.57841483979763, 170.06408094435076, 152.23524451939292, 144.6618887015177, 142.49156829679595, 139.02866779089376, 136.9080944350759, 138.19055649241147, 137.84654300168634, 138.22091062394603], "median_rank": [49, 36, 27, 25, 22, 20, 20, 19, 19, 19, 19], "recall@1": [6.829679595278246, 7.925801011804384, 8.937605396290051, 9.527824620573355, 9.780775716694773, 10.286677908937605, 10.45531197301855, 10.623946037099493, 10.623946037099493, 10.961214165261383, 10.87689713322091], "recall@5": [16.947723440134908, 22.259696458684655, 25.126475548060707, 26.138279932546375, 26.475548060708263, 27.318718381112983, 27.90893760539629, 28.246205733558178, 28.246205733558178, 28.583473861720066, 28.583473861720066], "recall@10": [26.0539629005059, 31.281618887015178, 34.56998313659359, 37.01517706576728, 37.01517706576728, 37.85834738617201, 38.53288364249578, 39.79763912310287, 39.88195615514334, 39.713322091062395, 39.79763912310287], "recall@50": [50.84317032040472, 56.070826306914, 61.04553119730185, 64.67116357504216, 62.81618887015177, 65.00843170320405, 65.51433389544688, 66.02023608768971, 65.85160202360876, 65.93591905564924, 66.02023608768971]}}