{"Training": {"loss": [8.40144310673011, 8.401554895693698, 8.39114482165589, 8.38738269789826, 8.376050602525321, 8.36982901542625, 8.36200057233968, 8.357476906671893, 8.355025879247192, 8.354528957836543, 8.35267631239674], "mean_rank": [317.75611298482295, 234.72702360876897, 187.4643760539629, 155.55944350758853, 132.44371838111297, 105.42010961214166, 100.52487352445193, 90.85434232715008, 90.42769814502529, 85.79068296795953, 86.72786677908938], "median_rank": [69, 43, 32, 21, 16, 13, 11, 10, 9, 9, 9], "recall@1": [5.965430016863406, 7.6939291736930855, 9.443507588532883, 11.572512647554806, 14.54468802698145, 16.125632377740303, 17.47470489038786, 18.08600337268128, 18.360033726812816, 19.30860033726813, 19.161045531197303], "recall@5": [16.252107925801013, 21.41652613827993, 25.063237774030355, 28.857504215851606, 32.98903878583474, 36.235244519392914, 39.08094435075885, 39.86087689713322, 40.93591905564924, 41.67369308600337, 41.863406408094434], "recall@10": [24.15682967959528, 29.63743676222597, 34.27487352445194, 38.25885328836425, 43.064924114671165, 46.75379426644182, 49.768128161888704, 50.948566610455316, 52.15008431703204, 52.50843170320405, 52.677065767284994], "recall@50": [44.98313659359191, 52.88785834738617, 57.546374367622256, 63.36424957841484, 67.20067453625632, 70.84738617200674, 73.1239460370995, 73.52445193929174, 74.22006745362563, 75.27403035413154, 75.06323777403036]}, "Validation": {"loss": [8.397336818315528, 8.398165291115566, 8.392745505295958, 8.392999049181881, 8.389840130058147, 8.388717357867082, 8.386579043949636, 8.38454200284678, 8.384246672586888, 8.384313387171213, 8.384367983015553], "mean_rank": [264.0177065767285, 210.90134907251266, 170.54637436762226, 162.45025295109613, 151.12310286677908, 145.6264755480607, 142.65430016863405, 143.03204047217537, 142.00927487352445, 143.1096121416526, 142.74283305227655], "median_rank": [56, 42, 32, 27, 26, 25, 24, 24, 23, 24, 23], "recall@1": [6.155143338954469, 7.251264755480608, 8.347386172006747, 8.431703204047219, 8.263069139966273, 8.937605396290051, 9.021922428330523, 9.021922428330523, 9.27487352445194, 9.190556492411467, 9.27487352445194], "recall@5": [16.779089376053964, 18.97133220910624, 19.81450252951096, 21.585160202360875, 22.4283305227656, 24.283305227655987, 24.873524451939293, 23.946037099494095, 24.957841483979763, 24.957841483979763, 24.873524451939293], "recall@10": [24.957841483979763, 27.65598650927487, 29.258010118043842, 31.787521079258006, 32.209106239460375, 33.81112984822934, 34.06408094435076, 34.654300168634066, 35.24451939291737, 34.48566610455312, 34.48566610455312], "recall@50": [47.89207419898819, 53.456998313659355, 56.66104553119731, 60.20236087689713, 61.46711635750422, 63.153456998313665, 63.153456998313665, 63.153456998313665, 63.322091062394605, 63.06913996627319, 63.57504215851601]}}