{"Training": {"loss": [9.133165268464522, 9.135292083566839, 9.134594002636996, 9.133212000673467, 9.131762307340448, 9.130845553224736, 9.12989520376379, 9.12960090637207, 9.12943989797072, 9.129116004163569, 9.129213328795], "mean_rank": [823.2960227272728, 661.1285511363636, 528.5549715909091, 473.01065340909093, 430.6106534090909, 387.18167613636365, 377.971875, 358.92769886363635, 359.41420454545454, 356.403125, 358.0515625], "median_rank": [170, 129, 107, 89, 74, 69, 65, 61, 62, 61, 61], "recall@1": [3.4517045454545454, 4.673295454545454, 5.326704545454546, 6.065340909090909, 7.002840909090908, 7.613636363636364, 8.025568181818182, 7.755681818181818, 8.068181818181818, 8.025568181818182, 8.295454545454547], "recall@5": [9.105113636363637, 10.681818181818182, 13.451704545454547, 15.014204545454547, 16.12215909090909, 17.372159090909093, 17.755681818181817, 18.338068181818183, 18.394886363636363, 18.508522727272727, 18.664772727272727], "recall@10": [13.821022727272728, 16.008522727272727, 18.565340909090907, 20.383522727272727, 22.670454545454547, 23.522727272727273, 24.375, 24.616477272727273, 25.099431818181817, 25.227272727272727, 25.269886363636363], "recall@50": [31.576704545454547, 34.23295454545455, 37.79829545454545, 40.18465909090909, 43.39488636363637, 44.94318181818181, 45.69602272727273, 46.44886363636363, 46.377840909090914, 46.5625, 46.94602272727273]}, "Validation": {"loss": [9.131261629630705, 9.133810005447787, 9.133608903570966, 9.13213741441049, 9.131547018564248, 9.131307273934025, 9.131177608866697, 9.131236297183085, 9.131054282864973, 9.13078972321769, 9.130785985377265], "mean_rank": [696.372304199773, 539.8098751418843, 446.5266742338252, 401.1804767309875, 389.66685584563, 366.2253121452894, 358.3700340522134, 350.70090805902385, 349.7309875141884, 350.53688989784337, 350.89387060158913], "median_rank": [150, 117, 102, 92, 86, 83, 80, 80, 80, 79, 78], "recall@1": [4.029511918274688, 4.256526674233825, 4.880817253121453, 5.732122587968218, 5.675368898978434, 5.618615209988649, 6.2996594778660615, 6.186152099886493, 6.015891032917139, 6.015891032917139, 6.015891032917139], "recall@5": [10.499432463110102, 11.464245175936435, 12.145289443813848, 13.791146424517594, 14.245175936435869, 14.585698070374576, 15.15323496027242, 14.585698070374576, 14.585698070374576, 14.642451759364357, 14.472190692395007], "recall@10": [15.266742338251987, 16.401816118047673, 17.53688989784336, 18.55845629965948, 19.46651532349603, 19.693530079455165, 20.14755959137344, 19.863791146424518, 20.14755959137344, 20.090805902383654, 20.090805902383654], "recall@50": [31.838819523269013, 33.48467650397276, 35.811577752553916, 38.02497162315551, 39.330306469920544, 40.35187287173666, 40.52213393870602, 40.919409761634505, 41.146424517593644, 41.37343927355278, 41.20317820658343]}}