{"Training": {"loss": [9.1338820067319, 9.135296219045467, 9.134724421934648, 9.13445179679177, 9.132029700279237, 9.131696759570728, 9.130488280816511, 9.129602573134683, 9.12916300947016, 9.12919740893624, 9.129087461124767], "mean_rank": [838.9535511363637, 638.6872159090909, 525.9011363636364, 470.22073863636365, 416.46079545454546, 389.62954545454545, 386.09488636363636, 365.4853693181818, 360.121875, 361.93863636363636, 356.22386363636366], "median_rank": [181, 140, 110, 96, 80, 69, 68, 64, 62, 61, 61], "recall@1": [3.2386363636363638, 4.786931818181818, 5.5397727272727275, 6.292613636363637, 6.548295454545454, 6.9602272727272725, 7.713068181818182, 8.096590909090908, 7.982954545454546, 7.968749999999999, 8.096590909090908], "recall@5": [9.076704545454547, 11.264204545454545, 13.28125, 14.360795454545455, 15.227272727272728, 16.960227272727273, 17.414772727272727, 18.366477272727273, 18.65056818181818, 17.94034090909091, 19.03409090909091], "recall@10": [13.40909090909091, 15.710227272727273, 18.28125, 19.55965909090909, 21.19318181818182, 23.224431818181817, 23.792613636363637, 24.559659090909093, 25.07102272727273, 24.602272727272727, 25.113636363636367], "recall@50": [30.099431818181817, 33.22443181818181, 36.97443181818182, 39.51704545454545, 42.17329545454545, 44.85795454545455, 45.61079545454545, 46.49147727272727, 46.84659090909091, 46.98863636363637, 46.96022727272727]}, "Validation": {"loss": [9.132665214755319, 9.134172363714738, 9.13343652270057, 9.134144058010795, 9.131894550540231, 9.13179373957894, 9.131715872071005, 9.131300222873687, 9.130904801325364, 9.13094405044209, 9.130920122970235], "mean_rank": [699.7954545454545, 517.5261363636364, 438.52102272727274, 401.2505681818182, 385.6778409090909, 369.9835227272727, 361.10625, 358.0164772727273, 359.3289772727273, 358.41988636363635, 358.3306818181818], "median_rank": [133, 103, 85, 80, 78, 72, 72, 72, 72, 72, 72], "recall@1": [3.5795454545454546, 4.090909090909091, 4.943181818181818, 5.340909090909091, 5.511363636363637, 5.738636363636364, 5.795454545454545, 5.909090909090909, 5.909090909090909, 5.8522727272727275, 5.965909090909091], "recall@5": [10.397727272727272, 11.704545454545455, 12.897727272727272, 14.03409090909091, 14.829545454545453, 15.681818181818183, 16.079545454545453, 16.477272727272727, 16.193181818181817, 16.477272727272727, 16.30681818181818], "recall@10": [14.318181818181818, 16.363636363636363, 19.03409090909091, 20.28409090909091, 21.988636363636363, 22.443181818181817, 22.329545454545453, 22.5, 22.727272727272727, 22.55681818181818, 22.55681818181818], "recall@50": [33.80681818181818, 37.44318181818182, 40.11363636363636, 42.44318181818182, 42.89772727272727, 42.95454545454545, 43.75, 43.465909090909086, 43.69318181818182, 43.57954545454545, 43.63636363636363]}}