{"Training": {"loss": [8.399817856582436, 8.402049647795188, 8.400635255349648, 8.3986497988572, 8.392083348454657, 8.391204489243997, 8.390507404868668, 8.388401202253393, 8.388249413387195, 8.387956931784347, 8.387148734685537], "mean_rank": [331.6602618243243, 281.48268581081084, 233.87119932432432, 209.96178209459458, 173.8251689189189, 158.44890202702703, 158.13070101351352, 147.74113175675674, 146.70080236486487, 143.9752956081081, 141.15709459459458], "median_rank": [82, 59, 44, 35, 27, 25, 24, 22, 22, 21, 21], "recall@1": [5.785472972972973, 6.33445945945946, 7.664695945945946, 8.46706081081081, 9.755067567567567, 10.874155405405405, 10.76858108108108, 11.423141891891891, 11.465371621621621, 11.423141891891891, 11.63429054054054], "recall@5": [15.05489864864865, 17.250844594594593, 20.3125, 22.90962837837838, 25.16891891891892, 26.90033783783784, 26.81587837837838, 28.399493243243246, 28.125, 27.95608108108108, 28.821790540540544], "recall@10": [22.21283783783784, 25.12668918918919, 28.46283783783784, 31.228885135135137, 35.00844594594595, 36.2964527027027, 36.38091216216216, 37.71114864864865, 37.71114864864865, 38.407939189189186, 38.72466216216216], "recall@50": [42.96875, 47.69847972972973, 51.984797297297305, 56.123310810810814, 59.69172297297297, 61.866554054054056, 62.5633445945946, 62.73226351351351, 64.1891891891892, 64.63260135135135, 63.89358108108109]}, "Validation": {"loss": [8.397575024609623, 8.400547357272941, 8.399135532507808, 8.399246678987602, 8.395327239977368, 8.39584466699404, 8.395014594015343, 8.394548876088546, 8.394002547754607, 8.393735116891072, 8.393683650642382], "mean_rank": [271.74030354131537, 243.64671163575042, 207.76391231028668, 197.65598650927487, 174.5387858347386, 169.5893760539629, 166.01349072512647, 164.79595278246205, 163.04806070826308, 162.35666104553118, 162.22344013490726], "median_rank": [66, 49, 43, 38, 36, 33, 33, 31, 32, 31, 32], "recall@1": [5.396290050590219, 6.323777403035413, 6.661045531197302, 7.588532883642496, 8.853288364249579, 8.51602023608769, 9.612141652613827, 9.359190556492411, 9.27487352445194, 9.443507588532883, 9.443507588532883], "recall@5": [16.188870151770658, 17.537942664418214, 20.489038785834737, 20.741989881956155, 22.596964586846543, 23.0185497470489, 23.355817875210793, 23.69308600337268, 23.69308600337268, 23.77740303541315, 23.69308600337268], "recall@10": [22.765598650927487, 24.957841483979763, 27.90893760539629, 28.499156829679595, 30.438448566610454, 31.618887015177066, 32.29342327150084, 33.05227655986509, 33.136593591905566, 33.305227655986506, 33.22091062394604], "recall@50": [45.86846543001686, 50.337268128161895, 52.4451939291737, 56.155143338954474, 56.99831365935919, 57.41989881956155, 58.26306913996627, 58.600337268128165, 58.768971332209105, 58.68465430016864, 58.43170320404722]}}