{"Training": {"loss": [8.401320928666886, 8.400042331238822, 8.39292574652532, 8.39023414711526, 8.378501095216954, 8.372039778035568, 8.365202262067875, 8.359724959072738, 8.357118336386463, 8.356735553950523, 8.355749032147617], "mean_rank": [308.5680860033727, 230.97596964586847, 177.92327150084316, 144.72322934232716, 123.65935919055649, 98.90029510961214, 93.68402192242833, 89.06007588532884, 86.40408937605396, 82.6424957841484, 85.02171163575042], "median_rank": [67, 42, 30, 22, 16, 12, 11, 10, 10, 9, 9], "recall@1": [5.965430016863406, 7.799325463743677, 9.401349072512648, 11.172006745362562, 14.22849915682968, 14.818718381112985, 16.67369308600337, 17.580101180438447, 17.875210792580102, 18.676222596964585, 18.402192242833053], "recall@5": [16.04131534569983, 20.847386172006747, 23.988195615514336, 27.887858347386175, 32.377740303541316, 35.66610455311973, 37.81618887015177, 38.57504215851602, 40.535413153457, 41.14671163575042, 41.02023608768972], "recall@10": [24.45193929173693, 29.300168634064082, 33.43170320404722, 37.752951096121414, 42.51686340640809, 46.838111298482296, 48.735244519392914, 50.31618887015177, 51.22259696458684, 52.42411467116358, 52.677065767284994], "recall@50": [45.76306913996627, 52.76138279932546, 58.22091062394603, 63.490725126475546, 67.62225969645868, 71.39544688026982, 73.56661045531197, 73.8195615514334, 74.19898819561551, 75.46374367622259, 74.57841483979763]}, "Validation": {"loss": [8.394908133887922, 8.395680380108786, 8.393016240246983, 8.392044109196526, 8.388529837030987, 8.38596069149384, 8.38423676354085, 8.382772160219703, 8.382340236618788, 8.382319148837214, 8.382498065697604], "mean_rank": [271.0927487352445, 225.2158516020236, 190.59949409780776, 172.43760539629005, 166.53204047217537, 158.58094435075884, 158.75716694772345, 155.94182124789208, 157.9822934232715, 158.38954468802697, 158.01180438448566], "median_rank": [53, 40, 36, 29, 29, 25, 24, 23, 24, 23, 23], "recall@1": [6.661045531197302, 7.082630691399664, 8.010118043844857, 9.021922428330523, 9.27487352445194, 8.768971332209107, 9.359190556492411, 9.443507588532883, 9.443507588532883, 9.443507588532883, 9.443507588532883], "recall@5": [17.959527824620576, 20.82630691399663, 23.0185497470489, 23.69308600337268, 25.632377740303543, 25.96964586846543, 25.716694772344013, 25.96964586846543, 25.632377740303543, 26.30691399662732, 26.644182124789207], "recall@10": [25.632377740303543, 28.752107925801013, 31.618887015177066, 33.38954468802699, 33.726812816188875, 35.32883642495784, 35.750421585160204, 35.91905564924115, 36.76222596964587, 37.01517706576728, 37.01517706576728], "recall@50": [48.988195615514336, 52.951096121416526, 53.96290050590219, 58.34738617200674, 60.37099494097807, 60.96121416526138, 61.2141652613828, 61.72006745362564, 62.05733558178752, 61.88870151770658, 61.72006745362564]}}