{"Training": {"loss": [], "mean_rank": [], "median_rank": [], "recall@1": [], "recall@5": [], "recall@10": [], "recall@50": []}, "Validation": {"loss": [8.389003170297501, 8.393867201838933, 8.398112075548646, 8.397743301188692, 8.397020634184493, 8.397325886902234, 8.397281089573042, 8.395743167146723, 8.396170624604462, 8.39650909444119, 8.396348586319187], "mean_rank": [282.55407801418437, 272.5718085106383, 274.73936170212767, 260.3741134751773, 249.729609929078, 244.59574468085106, 240.61702127659575, 233.26418439716312, 232.6418439716312, 233.125, 232.69769503546098], "median_rank": [79, 67, 58, 58, 53, 50, 51, 49, 49, 49, 49], "recall@1": [6.914893617021277, 6.471631205673758, 5.851063829787234, 6.914893617021277, 7.446808510638298, 7.358156028368794, 7.9787234042553195, 7.890070921985816, 8.24468085106383, 8.24468085106383, 8.24468085106383], "recall@5": [17.641843971631204, 18.085106382978726, 18.173758865248228, 18.97163120567376, 20.0354609929078, 20.47872340425532, 20.833333333333336, 20.833333333333336, 20.74468085106383, 21.01063829787234, 21.01063829787234], "recall@10": [25.088652482269502, 25.70921985815603, 26.152482269503547, 26.861702127659576, 27.659574468085108, 27.659574468085108, 27.925531914893615, 28.01418439716312, 28.191489361702125, 28.634751773049643, 28.634751773049643], "recall@50": [43.08510638297872, 45.12411347517731, 47.340425531914896, 48.138297872340424, 49.29078014184397, 50.62056737588653, 50.0, 50.53191489361703, 50.443262411347526, 50.443262411347526, 50.70921985815603]}}