{"Training": {"loss": [8.401464700698853, 8.403578516599294, 8.401196566787926, 8.398809468423998, 8.394553577577746, 8.392855708663529, 8.390017532013559, 8.38971359020955, 8.389092941541929, 8.388497678009239, 8.388650874833804], "mean_rank": [333.4649493243243, 279.54919763513516, 229.51182432432432, 207.25929054054055, 171.32833614864865, 157.33657094594594, 148.82706925675674, 147.44277871621622, 144.02660472972974, 145.03378378378378, 141.7639358108108], "median_rank": [83, 60, 44, 36, 29, 25, 24, 23, 21, 22, 21], "recall@1": [5.299831081081082, 5.954391891891892, 7.263513513513513, 7.960304054054054, 9.438344594594595, 10.620777027027026, 11.085304054054054, 11.782094594594595, 11.59206081081081, 11.88766891891892, 11.338682432432433], "recall@5": [14.527027027027026, 16.7652027027027, 20.14358108108108, 22.107263513513516, 24.894425675675674, 26.013513513513516, 26.85810810810811, 28.188344594594593, 28.230574324324326, 28.019425675675674, 28.526182432432435], "recall@10": [21.47381756756757, 24.70439189189189, 28.56841216216216, 30.553209459459456, 33.80489864864865, 36.02195945945946, 36.86655405405405, 37.47888513513514, 37.880067567567565, 38.02787162162162, 38.38682432432432], "recall@50": [42.314189189189186, 47.80405405405405, 52.02702702702703, 55.65878378378378, 59.83952702702703, 61.95101351351351, 62.94341216216216, 62.880067567567565, 64.44256756756756, 64.46368243243244, 63.703547297297305]}, "Validation": {"loss": [8.392798713246647, 8.39762087013026, 8.394794520399019, 8.395506982658604, 8.392823112352703, 8.39238765227654, 8.390721361311451, 8.390529793390336, 8.390546953095152, 8.389668508082577, 8.389679033880894], "mean_rank": [278.4114671163575, 256.72428330522763, 215.85160202360876, 203.33052276559866, 182.25463743676224, 177.7664418212479, 175.47217537942663, 174.25548060708263, 172.68971332209105, 171.8929173693086, 171.78246205733558], "median_rank": [57, 51, 40, 36, 31, 29, 29, 29, 28, 28, 28], "recall@1": [7.504215851602024, 8.263069139966273, 9.190556492411467, 9.949409780775717, 10.286677908937605, 10.03372681281619, 10.202360876897133, 10.539629005059021, 10.202360876897133, 10.539629005059021, 10.45531197301855], "recall@5": [18.381112984822934, 20.9106239460371, 22.17537942664418, 23.27150084317032, 24.283305227655987, 25.21079258010118, 24.78920741989882, 24.78920741989882, 24.957841483979763, 25.29510961214165, 25.126475548060707], "recall@10": [25.88532883642496, 27.234401349072513, 30.016863406408095, 30.94435075885329, 31.956155143338954, 32.96795952782462, 32.96795952782462, 33.726812816188875, 33.81112984822934, 34.232715008431704, 34.14839797639123], "recall@50": [47.72344013490725, 49.915682967959526, 53.87858347386172, 55.733558178752105, 58.26306913996627, 58.09443507588533, 58.85328836424958, 58.768971332209105, 59.02192242833052, 58.93760539629005, 58.93760539629005]}}