{"Training": {"loss": [9.133635317195546, 9.135045027732849, 9.134598536924882, 9.133612075718966, 9.132126777822322, 9.13101550882513, 9.130204369805076, 9.129638968814502, 9.129500872438603, 9.128824574297125, 9.129126752506602], "mean_rank": [827.4768465909091, 627.1723011363637, 524.9826704545454, 469.73636363636365, 411.9862215909091, 385.0465909090909, 375.6553977272727, 356.1992897727273, 356.05752840909093, 359.6792613636364, 354.4852272727273], "median_rank": [172, 132, 106, 89, 76, 67, 65, 61, 61, 59, 60], "recall@1": [3.28125, 4.474431818181818, 5.596590909090909, 6.335227272727273, 6.704545454545455, 7.03125, 7.911931818181818, 8.25284090909091, 8.210227272727273, 8.338068181818182, 7.784090909090908], "recall@5": [9.389204545454545, 10.994318181818182, 13.025568181818182, 15.0, 15.440340909090908, 17.017045454545453, 17.96875, 18.607954545454543, 18.451704545454543, 19.43181818181818, 18.892045454545457], "recall@10": [13.536931818181818, 15.75284090909091, 17.982954545454547, 20.170454545454543, 21.704545454545453, 23.480113636363637, 24.232954545454547, 24.6875, 24.985795454545453, 25.553977272727273, 25.454545454545453], "recall@50": [30.923295454545453, 34.0625, 37.28693181818182, 40.08522727272727, 42.69886363636364, 45.08522727272727, 45.82386363636364, 46.94602272727273, 46.93181818181818, 47.28693181818181, 47.32954545454545]}, "Validation": {"loss": [9.130747293342244, 9.132487150755795, 9.13168776143681, 9.13292356187647, 9.131669880043377, 9.13120805458589, 9.131285357475281, 9.131296620585701, 9.130795618620786, 9.130695421045477, 9.130769469521262], "mean_rank": [709.5295454545454, 534.5022727272727, 457.8568181818182, 429.53011363636364, 398.93238636363634, 386.6005681818182, 382.73238636363635, 376.6465909090909, 376.3130681818182, 375.2795454545454, 374.9153409090909], "median_rank": [158, 124, 102, 90, 89, 85, 83, 82, 82, 80, 81], "recall@1": [3.977272727272727, 4.943181818181818, 6.0227272727272725, 6.136363636363637, 5.681818181818182, 5.8522727272727275, 6.193181818181818, 6.193181818181818, 6.306818181818182, 6.420454545454546, 6.420454545454546], "recall@5": [10.340909090909092, 12.386363636363637, 13.750000000000002, 14.261363636363637, 14.829545454545453, 15.056818181818182, 15.056818181818182, 15.0, 14.829545454545453, 15.284090909090908, 15.0], "recall@10": [15.170454545454545, 17.272727272727273, 18.806818181818183, 19.602272727272727, 20.397727272727273, 21.477272727272727, 21.761363636363637, 21.988636363636363, 22.386363636363637, 22.443181818181817, 22.386363636363637], "recall@50": [31.19318181818182, 35.17045454545455, 38.63636363636363, 40.96590909090909, 41.53409090909091, 41.81818181818181, 43.01136363636363, 43.06818181818181, 42.784090909090914, 43.01136363636363, 42.95454545454545]}}