{"Training": {"loss": [8.402328968048096, 8.40560569956496, 8.404644840472454, 8.40144813705135, 8.39903858223477, 8.397980625564987, 8.395474363017726, 8.39504748099559, 8.393626093864441, 8.393402125384357, 8.393394473436716], "mean_rank": [359.05827702702703, 305.68475506756755, 247.42989864864865, 221.99451013513513, 196.59649493243242, 176.0185810810811, 167.03357263513513, 164.43348817567568, 161.30701013513513, 162.38914695945945, 164.17250844594594], "median_rank": [93, 70, 52, 42, 35, 31, 29, 28, 28, 27, 27], "recall@1": [5.257601351351352, 5.616554054054054, 6.1233108108108105, 7.559121621621621, 8.277027027027026, 8.910472972972974, 9.818412162162163, 9.522804054054054, 9.860641891891891, 10.28293918918919, 10.32516891891892], "recall@5": [13.872466216216218, 15.857263513513514, 17.75760135135135, 20.7347972972973, 22.592905405405407, 24.34543918918919, 25.232263513513516, 25.929054054054053, 26.182432432432435, 26.03462837837838, 27.17483108108108], "recall@10": [20.586993243243242, 23.52195945945946, 25.760135135135137, 29.476351351351347, 30.99662162162162, 33.2347972972973, 33.93158783783784, 34.58614864864865, 35.029560810810814, 35.34628378378378, 35.97972972972973], "recall@50": [40.54054054054054, 45.3125, 49.38766891891892, 52.59712837837838, 55.97550675675676, 58.04476351351351, 58.994932432432435, 59.56503378378378, 59.62837837837838, 60.557432432432435, 60.68412162162162]}, "Validation": {"loss": [8.399125998176974, 8.402031288983247, 8.401811003081916, 8.401739064195707, 8.399958912879983, 8.400041089693168, 8.399256411933576, 8.399009112764972, 8.398363767948762, 8.398410896828766, 8.398426803730391], "mean_rank": [306.02866779089373, 275.2259696458685, 238.72091062394603, 220.61045531197303, 206.50168634064082, 196.92748735244518, 192.55902192242834, 190.74451939291737, 188.79089376053963, 189.4848229342327, 187.86340640809445], "median_rank": [75, 62, 57, 52, 44, 44, 44, 43, 42, 42, 42], "recall@1": [5.311973018549747, 6.492411467116358, 6.492411467116358, 7.33558178752108, 8.010118043844857, 7.33558178752108, 7.251264755480608, 7.33558178752108, 7.33558178752108, 7.504215851602024, 7.504215851602024], "recall@5": [15.345699831365936, 16.694772344013494, 18.381112984822934, 18.465430016863408, 18.465430016863408, 19.392917369308602, 18.97133220910624, 19.898819561551434, 19.477234401349072, 19.224283305227654, 19.392917369308602], "recall@10": [22.4283305227656, 24.367622259696457, 24.957841483979763, 26.22259696458685, 27.234401349072513, 27.48735244519393, 27.5716694772344, 27.65598650927487, 27.99325463743676, 27.48735244519393, 27.48735244519393], "recall@50": [43.50758853288364, 46.964586846543, 48.988195615514336, 49.747048903878586, 51.51770657672849, 52.4451939291737, 52.4451939291737, 52.78246205733558, 53.20404721753794, 53.20404721753794, 53.288364249578414]}}