{"Training": {"loss": [8.401254333894933, 8.40086350191705, 8.390395972620174, 8.388578573326638, 8.380522492362115, 8.368457428319457, 8.363961685367217, 8.35886636713102, 8.355124997047309, 8.355219803210254, 8.353583517605298], "mean_rank": [318.5394182124789, 230.14671163575042, 184.60033726812816, 151.36867622259697, 129.1285834738617, 105.47386172006745, 97.79321247892074, 85.77677065767286, 90.07693929173693, 87.1429173693086, 86.98524451939292], "median_rank": [68, 42, 29, 21, 17, 13, 11, 10, 9, 9, 9], "recall@1": [5.81787521079258, 7.462057335581787, 9.67537942664418, 11.762225969645868, 14.123102866779089, 15.598650927487354, 17.116357504215852, 18.338954468802697, 18.338954468802697, 18.697301854974704, 19.118887015177066], "recall@5": [16.315345699831365, 20.741989881956155, 25.231871838111296, 28.794266441821247, 32.820404721753796, 36.25632377740304, 38.99662731871838, 40.55649241146712, 40.55649241146712, 41.31534569983137, 41.547217537942664], "recall@10": [23.440134907251263, 29.53204047217538, 34.31703204047217, 38.785834738617204, 42.68549747048904, 46.81703204047217, 49.768128161888704, 51.07504215851601, 51.644182124789204, 52.4451939291737, 52.31871838111298], "recall@50": [45.42580101180438, 53.456998313659355, 58.600337268128165, 63.34317032040472, 66.98988195615514, 70.55227655986509, 72.74451939291737, 74.07251264755482, 73.8195615514334, 74.64165261382799, 74.91568296795953]}, "Validation": {"loss": [8.398895656077496, 8.398849599880071, 8.39380647038529, 8.39406482284829, 8.39241115962474, 8.387205546863164, 8.387002752764028, 8.384930231116876, 8.383963852668492, 8.384189405489531, 8.384670766569913], "mean_rank": [272.531197301855, 212.7664418212479, 178.57504215851603, 169.74030354131534, 157.97301854974705, 146.5379426644182, 145.85160202360876, 143.43001686340642, 144.26391231028668, 143.964586846543, 144.52866779089376], "median_rank": [58, 43, 39, 30, 31, 28, 27, 27, 27, 27, 27], "recall@1": [5.986509274873524, 6.661045531197302, 8.178752107925801, 7.504215851602024, 8.600337268128163, 8.937605396290051, 8.684654300168635, 9.190556492411467, 9.443507588532883, 9.359190556492411, 9.527824620573355], "recall@5": [16.947723440134908, 19.392917369308602, 21.838111298482293, 23.102866779089375, 25.126475548060707, 25.716694772344013, 26.0539629005059, 26.138279932546375, 26.897133220910625, 26.22259696458685, 26.0539629005059], "recall@10": [24.957841483979763, 28.583473861720066, 31.281618887015178, 32.54637436762226, 33.136593591905566, 35.07588532883643, 35.83473861720067, 36.17200674536256, 36.00337268128162, 35.83473861720067, 35.750421585160204], "recall@50": [46.964586846543, 52.698145025295105, 55.81787521079258, 58.68465430016864, 58.1787521079258, 60.03372681281619, 61.72006745362564, 61.46711635750422, 61.63575042158516, 61.38279932546374, 61.29848229342328]}}