{"Training": {"loss": [9.1333678483963, 9.135187907652421, 9.134603116729043, 9.133734807101163, 9.131680922074752, 9.130985882065513, 9.130139311877164, 9.130282740159469, 9.129865568334406, 9.12913167476654, 9.129244585470719], "mean_rank": [815.3370738636364, 647.4901988636364, 522.5882102272727, 462.1416193181818, 420.3382102272727, 381.0056818181818, 362.9384943181818, 355.00071022727275, 350.1153409090909, 346.50369318181816, 355.8833806818182], "median_rank": [171, 138, 110, 92, 74, 67, 65, 63, 62, 61, 60], "recall@1": [3.465909090909091, 4.147727272727273, 5.2414772727272725, 6.306818181818182, 7.088068181818182, 7.357954545454545, 7.5, 7.315340909090909, 7.613636363636364, 7.897727272727273, 8.025568181818182], "recall@5": [8.707386363636363, 10.696022727272728, 12.926136363636365, 15.085227272727272, 16.207386363636363, 17.301136363636363, 17.386363636363637, 17.798295454545453, 17.556818181818183, 18.72159090909091, 18.011363636363637], "recall@10": [13.607954545454545, 15.795454545454547, 17.926136363636363, 20.298295454545453, 22.116477272727273, 23.238636363636363, 23.72159090909091, 23.72159090909091, 24.815340909090907, 25.142045454545453, 24.928977272727273], "recall@50": [31.093749999999996, 33.66477272727273, 36.70454545454545, 40.24147727272727, 42.91193181818182, 45.127840909090914, 45.38352272727273, 45.909090909090914, 46.5625, 46.64772727272727, 47.059659090909086]}, "Validation": {"loss": [9.130548785682704, 9.132656652729844, 9.13305575947756, 9.132096844823623, 9.13061357599923, 9.130346888175211, 9.130510142929303, 9.130520823865147, 9.130353045382375, 9.129991225027199, 9.130002501332935], "mean_rank": [748.144154370034, 571.2105561861521, 481.41657207718504, 434.5522133938706, 426.93643586833144, 408.30874006810444, 396.20090805902385, 391.0584562996595, 390.6146424517594, 391.9937570942111, 391.8229284903519], "median_rank": [145, 118, 102, 85, 85, 85, 80, 81, 81, 80, 80], "recall@1": [4.1430192962542565, 5.164585698070375, 5.278093076049943, 6.2996594778660615, 6.2996594778660615, 6.9239500567536885, 6.696935300794552, 6.640181611804767, 6.753688989784336, 6.640181611804767, 6.753688989784336], "recall@5": [10.102156640181612, 12.258796821793416, 12.599318955732123, 14.358683314415439, 14.699205448354144, 14.982973893303065, 15.096481271282633, 14.699205448354144, 14.472190692395007, 14.812712826333712, 14.52894438138479], "recall@10": [14.699205448354144, 17.082860385925088, 17.480136208853576, 19.807037457434735, 20.82860385925085, 20.998864926220204, 20.885357548240634, 21.112372304199774, 20.82860385925085, 21.22587968217934, 21.169125993189557], "recall@50": [33.54143019296254, 35.811577752553916, 38.70601589103292, 39.95459704880817, 41.77071509648127, 41.71396140749148, 41.827468785471055, 41.88422247446084, 41.94097616345062, 42.16799091940976, 41.94097616345062]}}