{"Training": {"loss": [8.403178572654724, 8.406144899290961, 8.404079759443128, 8.400489185307476, 8.399310550174198, 8.399080276489258, 8.395788131533442, 8.395625794256055, 8.39467252911748, 8.394780497293215, 8.394722477809802], "mean_rank": [358.14336993243245, 311.36739864864865, 251.91997466216216, 219.99894425675674, 196.60958614864865, 179.76013513513513, 170.43158783783784, 169.8676097972973, 165.8359375, 160.59881756756758, 163.8684543918919], "median_rank": [93, 74, 55, 44, 37, 33, 31, 30, 28, 27, 27], "recall@1": [5.025337837837838, 5.46875, 6.102195945945946, 7.664695945945946, 8.213682432432433, 8.488175675675675, 9.142736486486488, 9.227195945945946, 9.522804054054054, 9.818412162162163, 10.092905405405405], "recall@5": [13.999155405405405, 15.688344594594595, 18.34881756756757, 20.71368243243243, 22.48733108108108, 23.627533783783782, 24.324324324324326, 24.936655405405407, 25.696790540540544, 25.73902027027027, 26.26689189189189], "recall@10": [20.69256756756757, 22.78293918918919, 25.865709459459456, 28.61064189189189, 30.701013513513516, 32.66469594594595, 32.79138513513514, 34.39611486486486, 34.860641891891895, 35.2195945945946, 35.282939189189186], "recall@50": [40.28716216216216, 44.32010135135135, 48.69087837837838, 52.195945945945944, 54.94087837837838, 56.69341216216216, 58.12922297297297, 58.57263513513513, 59.62837837837838, 59.90287162162162, 60.198479729729726]}, "Validation": {"loss": [8.396100755083621, 8.399773898454379, 8.398720072252553, 8.398238622720084, 8.39841193413051, 8.397873280221255, 8.396958953413554, 8.396729023822443, 8.396336192023291, 8.396418854518846, 8.396442882930247], "mean_rank": [291.4502529510961, 263.4080944350759, 222.5328836424958, 205.81028667790895, 189.34148397976392, 182.63743676222597, 177.78330522765597, 176.90134907251266, 174.92748735244518, 174.49494097807758, 174.24198988195616], "median_rank": [70, 58, 48, 41, 39, 37, 36, 33, 34, 33, 34], "recall@1": [6.57672849915683, 7.33558178752108, 7.672849915682968, 7.588532883642496, 8.010118043844857, 8.768971332209107, 8.010118043844857, 8.347386172006747, 8.347386172006747, 8.600337268128163, 8.600337268128163], "recall@5": [16.61045531197302, 18.381112984822934, 19.392917369308602, 20.9106239460371, 21.079258010118043, 22.17537942664418, 21.66947723440135, 22.006745362563237, 22.4283305227656, 22.765598650927487, 22.4283305227656], "recall@10": [24.03035413153457, 26.0539629005059, 27.74030354131535, 29.34232715008432, 30.94435075885329, 30.69139966273187, 31.11298482293423, 30.86003372681282, 31.197301854974707, 31.02866779089376, 31.11298482293423], "recall@50": [45.61551433389545, 47.72344013490725, 51.09612141652614, 53.20404721753794, 55.1433389544688, 55.1433389544688, 56.57672849915683, 56.57672849915683, 56.91399662731872, 57.16694772344013, 57.251264755480605]}}