{"Training": {"loss": [8.400487348840043, 8.40200988344244, 8.401515029572153, 8.397522378612209, 8.393592090220064, 8.391841575906083, 8.39042928412154, 8.38909250981099, 8.388327076628402, 8.387788962673497, 8.387737731675845], "mean_rank": [339.28125, 289.8559966216216, 237.47128378378378, 204.61127533783784, 179.95565878378378, 163.27934966216216, 158.65413851351352, 146.51288006756758, 146.8198902027027, 146.55869932432432, 141.31186655405406], "median_rank": [83, 62, 46, 35, 29, 25, 25, 23, 22, 22, 22], "recall@1": [5.447635135135135, 6.587837837837837, 7.4324324324324325, 8.55152027027027, 10.219594594594595, 10.85304054054054, 11.14864864864865, 11.655405405405405, 12.035472972972974, 12.014358108108109, 11.84543918918919], "recall@5": [15.01266891891892, 17.01858108108108, 19.86908783783784, 23.31081081081081, 25.548986486486484, 27.04814189189189, 27.322635135135137, 28.209459459459456, 28.441722972972972, 28.90625, 29.43412162162162], "recall@10": [22.12837837837838, 24.91554054054054, 28.209459459459456, 31.566722972972972, 35.05067567567568, 36.6554054054054, 36.99324324324324, 38.3445945945946, 37.795608108108105, 38.576858108108105, 38.38682432432432], "recall@50": [42.65202702702703, 47.33952702702703, 51.604729729729726, 55.848817567567565, 58.973817567567565, 61.54983108108109, 61.99324324324324, 62.5, 64.14695945945947, 64.10472972972973, 63.36570945945946]}, "Validation": {"loss": [8.396038684233847, 8.398659077301797, 8.397934815533848, 8.397677996508389, 8.396189458052586, 8.395956994711247, 8.395008328391167, 8.394797948319434, 8.394724470366917, 8.394441206579868, 8.394403858892431], "mean_rank": [270.24030354131537, 239.31281618887016, 198.3431703204047, 183.15767284991568, 168.38111298482295, 157.87436762225968, 154.34569983136595, 152.24114671163576, 152.9654300168634, 152.2655986509275, 152.83558178752108], "median_rank": [68, 53, 41, 35, 34, 31, 30, 30, 28, 28, 28], "recall@1": [6.155143338954469, 6.492411467116358, 6.829679595278246, 8.010118043844857, 7.75716694772344, 8.094435075885329, 8.347386172006747, 8.431703204047219, 8.178752107925801, 8.263069139966273, 8.263069139966273], "recall@5": [16.27318718381113, 17.284991568296796, 18.887015177065766, 20.06745362563238, 21.33220910623946, 21.079258010118043, 21.75379426644182, 21.75379426644182, 22.006745362563237, 22.17537942664418, 22.17537942664418], "recall@10": [22.596964586846543, 24.957841483979763, 27.40303541315346, 29.595278246205737, 29.0893760539629, 29.932546374367625, 31.365935919055648, 31.450252951096118, 31.618887015177066, 31.534569983136596, 31.703204047217536], "recall@50": [45.10961214165262, 49.325463743676224, 52.698145025295105, 56.66104553119731, 57.84148397976391, 58.68465430016864, 59.44350758853288, 60.03372681281619, 60.20236087689713, 59.94940978077572, 59.86509274873525]}}