{"Training": {"loss": [8.402765463817783, 8.402013230283586, 8.393719834782823, 8.387964148143492, 8.380945001444568, 8.370479109315406, 8.36540904294379, 8.360619729124073, 8.357505746474757, 8.357818323685388, 8.35588942169138], "mean_rank": [328.86720067453626, 233.38975548060708, 182.83579258010118, 145.8924957841484, 125.07103709949409, 107.63279932546375, 99.43170320404722, 87.15408937605396, 86.47069983136593, 85.13638279932546, 89.46859190556492], "median_rank": [69, 43, 31, 21, 16, 13, 11, 10, 9, 9, 9], "recall@1": [5.333052276559865, 6.703204047217539, 8.874367622259696, 10.77150084317032, 13.849072512647556, 15.387858347386171, 16.758010118043845, 17.79089376053963, 18.08600337268128, 17.89629005059022, 18.95025295109612], "recall@5": [15.682967959527824, 20.57335581787521, 24.515177065767286, 27.613827993254635, 33.32630691399663, 35.77150084317032, 38.322091062394605, 40.87268128161889, 40.26138279932546, 40.661888701517704, 41.29426644182125], "recall@10": [22.786677908937605, 29.321247892074197, 33.70573355817875, 38.53288364249578, 43.3389544688027, 46.45868465430017, 49.36762225969646, 51.47554806070826, 51.66526138279932, 52.61382799325464, 52.360876897133224], "recall@50": [44.83558178752108, 52.255480607082625, 58.4106239460371, 63.59612141652614, 67.32715008431704, 71.12141652613828, 72.49156829679595, 74.57841483979763, 74.51517706576728, 74.85244519392917, 75.21079258010118]}, "Validation": {"loss": [8.396596317548575, 8.396537666578116, 8.392007837408107, 8.388422187625055, 8.387160563348317, 8.382907688919248, 8.381287984059995, 8.380455657161308, 8.379041182050013, 8.379596472992663, 8.379576891308892], "mean_rank": [286.3355817875211, 224.12310286677908, 190.54721753794266, 173.67200674536255, 168.22091062394603, 159.74283305227655, 158.39460370994942, 156.89207419898818, 157.08347386172008, 155.49241146711637, 156.72175379426645], "median_rank": [51, 40, 32, 28, 26, 23, 23, 23, 22, 22, 22], "recall@1": [7.588532883642496, 9.27487352445194, 9.696458684654301, 10.45531197301855, 10.370994940978077, 10.708263069139965, 10.961214165261383, 10.792580101180437, 11.045531197301855, 11.382799325463743, 11.382799325463743], "recall@5": [20.236087689713322, 23.0185497470489, 23.608768971332207, 25.632377740303543, 25.632377740303543, 27.150084317032043, 26.897133220910625, 27.65598650927487, 27.82462057335582, 27.40303541315346, 27.318718381112983], "recall@10": [27.40303541315346, 30.6070826306914, 32.209106239460375, 35.413153456998316, 35.58178752107926, 37.68971332209106, 37.18381112984823, 37.68971332209106, 38.11129848229342, 38.02698145025295, 37.60539629005059], "recall@50": [49.915682967959526, 53.709949409780776, 56.82967959527825, 59.527824620573355, 59.86509274873525, 60.11804384485666, 60.87689713322091, 61.38279932546374, 60.87689713322091, 60.96121416526138, 60.79258010118044]}}